"Nombre","surname","nameEstablishment","email","code","phone","zip","nifCif","street","brandV","brandLR","brandRG","brandSK","role"
,"Martin ","Farmacia Martin","m.conamat@conamat.com","T00007","913456789","28001","50777888Z","Paseo de la Castellana 253","0","1","0","1",
,"dsdMartin ","Farmacia Martin","m.t@conamat.com","T00007","913456789","28001","50777888Z","Paseo de la Castellana 253","0","1","0","1",
,"Ramirez Islas","Farmacia Islas","saul.ramirez@disolutionsmx.com","T00007","00445544556434","28001","50777888Z","Paseo de la Castellana 253","1","1","0","0","ROLE_ADMIN"
,"Ramirez Islas","Farmacia Islas","sramirz@farmaciaperales.com","T00007","913456789","28001","50777888Z","Paseo de la Castellana 253","1","1","0","0",
,"Ramirez Islas","Farmacia Islas","sramirz@farmaciapeales.com","T00007","913456789","28001","50777888Z","Paseo de la Castellana 253","1","1","0","0",
,"Ramirez Islas","Farmacia Islas","sramirz@disolutionsmx.com","T00007","913456789","28001","50777888Z","Paseo de la Castellana 253","1","1","0","0",
,"Ramirez Islas","Farmacia Islas","sarlmnt.soul@gmal.com","T00007","913456789","28001","50777888Z","Paseo de la Castellana 253","1","1","0","0",
,"Ramirez Islas","Farmacia Islas","sarlmnt.soul@al.com","T00007","913456789","28001","50777888Z","Paseo de la Castellana 253","1","1","0","0",
,"Ramírez ","Farmacia Islas","sarlmnt.soul@gmail.com","T00007","0445544556434","28001","50777888Z","Paseo de la Castellana 253","1","1","0","0",