"name","nameEstablishment","surname"
"Manuel","Farmacia Martin","Martin "
"Manuel","Farmacia Martin","dsdMartin "
"Saul","Farmacia Islas","Ramirez Islas"
"Saul","Farmacia Islas","Ramirez Islas"
"Saul","Farmacia Islas","Ramirez Islas"
"Saul","Farmacia Islas","Ramirez Islas"
"Saul","Farmacia Islas","Ramirez Islas"
"Saul","Farmacia Islas","Ramirez Islas"
"Saúl","Farmacia Islas","Ramírez "